CREATE DATABASE  IF NOT EXISTS `nlfdc` /*!40100 DEFAULT CHARACTER SET utf8 */;
USE `nlfdc`;
-- MySQL dump 10.13  Distrib 5.6.17, for Win32 (x86)
--
-- Host: localhost    Database: nlfdc
-- ------------------------------------------------------
-- Server version	5.6.19

/*!40101 SET @OLD_CHARACTER_SET_CLIENT=@@CHARACTER_SET_CLIENT */;
/*!40101 SET @OLD_CHARACTER_SET_RESULTS=@@CHARACTER_SET_RESULTS */;
/*!40101 SET @OLD_COLLATION_CONNECTION=@@COLLATION_CONNECTION */;
/*!40101 SET NAMES utf8 */;
/*!40103 SET @OLD_TIME_ZONE=@@TIME_ZONE */;
/*!40103 SET TIME_ZONE='+00:00' */;
/*!40014 SET @OLD_UNIQUE_CHECKS=@@UNIQUE_CHECKS, UNIQUE_CHECKS=0 */;
/*!40014 SET @OLD_FOREIGN_KEY_CHECKS=@@FOREIGN_KEY_CHECKS, FOREIGN_KEY_CHECKS=0 */;
/*!40101 SET @OLD_SQL_MODE=@@SQL_MODE, SQL_MODE='NO_AUTO_VALUE_ON_ZERO' */;
/*!40111 SET @OLD_SQL_NOTES=@@SQL_NOTES, SQL_NOTES=0 */;

--
-- Table structure for table `admin`
--

DROP TABLE IF EXISTS `admin`;
/*!40101 SET @saved_cs_client     = @@character_set_client */;
/*!40101 SET character_set_client = utf8 */;
CREATE TABLE `admin` (
  `adminId` int(3) NOT NULL AUTO_INCREMENT,
  `loginName` varchar(16) NOT NULL,
  `adminName` varchar(16) NOT NULL,
  `adminRole` int(2) NOT NULL DEFAULT '0',
  `password` varchar(16) NOT NULL,
  `isDeleted` tinyint(4) NOT NULL DEFAULT '0',
  PRIMARY KEY (`adminId`),
  UNIQUE KEY `loginName_UNIQUE` (`loginName`)
) ENGINE=InnoDB AUTO_INCREMENT=8 DEFAULT CHARSET=utf8;
/*!40101 SET character_set_client = @saved_cs_client */;

--
-- Dumping data for table `admin`
--

LOCK TABLES `admin` WRITE;
/*!40000 ALTER TABLE `admin` DISABLE KEYS */;
INSERT INTO `admin` VALUES (1,'super','超级管理员',0,'111111',0),(2,'admin1','普通管理员1',1,'111111',1),(3,'admin2','普通管理员2',1,'111111',1),(4,'admin3','普通管理员3',1,'111111',0),(5,'admin4','普通管理员4',1,'111111',0),(6,'admin5','新添加管理员',0,'111111',0),(7,'newadmin','测试',1,'111111',0);
/*!40000 ALTER TABLE `admin` ENABLE KEYS */;
UNLOCK TABLES;

--
-- Table structure for table `admin_menu`
--

DROP TABLE IF EXISTS `admin_menu`;
/*!40101 SET @saved_cs_client     = @@character_set_client */;
/*!40101 SET character_set_client = utf8 */;
CREATE TABLE `admin_menu` (
  `adminId` int(3) NOT NULL,
  `firstMenuId` int(2) NOT NULL,
  PRIMARY KEY (`adminId`,`firstMenuId`)
) ENGINE=InnoDB DEFAULT CHARSET=utf8;
/*!40101 SET character_set_client = @saved_cs_client */;

--
-- Dumping data for table `admin_menu`
--

LOCK TABLES `admin_menu` WRITE;
/*!40000 ALTER TABLE `admin_menu` DISABLE KEYS */;
INSERT INTO `admin_menu` VALUES (1,2),(1,3),(1,4),(1,5),(1,6),(1,7),(1,8),(1,9),(1,10),(2,2),(2,3),(2,4),(3,4),(4,5),(4,6),(5,7),(6,2),(6,3),(6,6),(7,2),(7,3);
/*!40000 ALTER TABLE `admin_menu` ENABLE KEYS */;
UNLOCK TABLES;

--
-- Table structure for table `first_menu`
--

DROP TABLE IF EXISTS `first_menu`;
/*!40101 SET @saved_cs_client     = @@character_set_client */;
/*!40101 SET character_set_client = utf8 */;
CREATE TABLE `first_menu` (
  `firstMenuId` int(2) NOT NULL AUTO_INCREMENT,
  `firstMenuName` varchar(45) DEFAULT NULL,
  PRIMARY KEY (`firstMenuId`)
) ENGINE=InnoDB AUTO_INCREMENT=11 DEFAULT CHARSET=utf8;
/*!40101 SET character_set_client = @saved_cs_client */;

--
-- Dumping data for table `first_menu`
--

LOCK TABLES `first_menu` WRITE;
/*!40000 ALTER TABLE `first_menu` DISABLE KEYS */;
INSERT INTO `first_menu` VALUES (1,'首页'),(2,'政务公开'),(3,'住房保障'),(4,'房屋登记'),(5,'维修资金'),(6,'物业管理'),(7,'网上备案'),(8,'信息中心'),(9,'监督执法'),(10,'诚信档案');
/*!40000 ALTER TABLE `first_menu` ENABLE KEYS */;
UNLOCK TABLES;

--
-- Table structure for table `image`
--

DROP TABLE IF EXISTS `image`;
/*!40101 SET @saved_cs_client     = @@character_set_client */;
/*!40101 SET character_set_client = utf8 */;
CREATE TABLE `image` (
  `imageId` int(8) NOT NULL AUTO_INCREMENT,
  `Type` tinyint(4) NOT NULL,
  `imageUrl` varchar(100) NOT NULL,
  `notificationId` int(11) DEFAULT NULL,
  PRIMARY KEY (`imageId`)
) ENGINE=InnoDB AUTO_INCREMENT=9 DEFAULT CHARSET=utf8;
/*!40101 SET character_set_client = @saved_cs_client */;

--
-- Dumping data for table `image`
--

LOCK TABLES `image` WRITE;
/*!40000 ALTER TABLE `image` DISABLE KEYS */;
INSERT INTO `image` VALUES (1,1,'http://localhost:8080/file/nlfdc/newsAndRollingImage/2015-08-30_1440941049.jpg',15),(2,1,'http://localhost:8080/file/nlfdc/newsAndRollingImage/2015-08-30_1440941641.jpg',2),(3,1,'http://localhost:8080/file/nlfdc/newsAndRollingImage/2015-08-30_1440941646.jpg',3),(4,1,'http://localhost:8080/file/nlfdc/newsAndRollingImage/2015-08-30_1440941650.jpg',4),(5,2,'http://localhost:8080/file/nlfdc/newsAndRollingImage/2015-08-30_1440941660.jpg',5),(6,2,'http://localhost:8080/file/nlfdc/newsAndRollingImage/2015-08-30_1440941663.jpg',6),(7,2,'http://localhost:8080/file/nlfdc/newsAndRollingImage/2015-08-30_1440941668.jpg',7),(8,2,'http://localhost:8080/file/nlfdc/newsAndRollingImage/2015-08-30_1440941676.jpg',8);
/*!40000 ALTER TABLE `image` ENABLE KEYS */;
UNLOCK TABLES;

--
-- Table structure for table `notification`
--

DROP TABLE IF EXISTS `notification`;
/*!40101 SET @saved_cs_client     = @@character_set_client */;
/*!40101 SET character_set_client = utf8 */;
CREATE TABLE `notification` (
  `notificationId` int(11) NOT NULL AUTO_INCREMENT,
  `firstMenuId` int(2) NOT NULL,
  `secondMenuId` int(4) NOT NULL,
  `creatorId` int(3) NOT NULL,
  `createTime` int(11) NOT NULL,
  `title` varchar(100) DEFAULT NULL,
  `content` text NOT NULL,
  `isDeleted` tinyint(4) NOT NULL DEFAULT '0',
  PRIMARY KEY (`notificationId`)
) ENGINE=InnoDB AUTO_INCREMENT=59 DEFAULT CHARSET=utf8;
/*!40101 SET character_set_client = @saved_cs_client */;

--
-- Dumping data for table `notification`
--

LOCK TABLES `notification` WRITE;
/*!40000 ALTER TABLE `notification` DISABLE KEYS */;
INSERT INTO `notification` VALUES (1,2,1,1,1440314379,'ceshi','<p><span style=\"white-space: nowrap;\">&nbsp; &nbsp; &nbsp; &nbsp; &nbsp; &nbsp; &nbsp;resources under the key \"UserDatabase\". &nbsp;Any edits</span></p><p><span style=\"white-space: nowrap;\">&nbsp; &nbsp; &nbsp; &nbsp; &nbsp; &nbsp; &nbsp;that are performed against this UserDatabase are immediately</span></p><p><span style=\"white-space: nowrap;\">&nbsp; &nbsp; &nbsp; &nbsp; &nbsp; &nbsp; &nbsp;available for use by the Realm. &nbsp;--&gt;</span></p><p><span style=\"white-space: nowrap;\">&nbsp; &nbsp; &nbsp; &nbsp; &lt;Realm className=\"org.apache.catalina.realm.UserDatabaseRealm\"</span></p><p><span style=\"white-space: nowrap;\">&nbsp; &nbsp; &nbsp; &nbsp; &nbsp; &nbsp; &nbsp; &nbsp;resourceName=\"UserDatabase\"/&gt;</span></p><p><span style=\"white-space: nowrap;\">&nbsp; &nbsp; &nbsp; &lt;/Realm&gt;</span></p><p><span style=\"white-space: nowrap;\"><br></span></p><p><span style=\"white-space: nowrap;\">&nbsp; &nbsp; &nbsp; &lt;Host name=\"localhost\" &nbsp;appBase=\"webapps\"</span></p><p><span style=\"white-space: nowrap;\">&nbsp; &nbsp; &nbsp; &nbsp; &nbsp; &nbsp; unpackWARs=\"true\" autoDeploy=\"true\"&gt;</span></p><p><span class=\"Apple-tab-span\" style=\"white-space:pre\">		</span></p><p><span class=\"Apple-tab-span\" style=\"white-space:pre\">		</span>&lt;Context path=\"/file\" docBase=\"D:\\var\\webapp\\file.war\"&gt;&lt;/Context&gt;</p><p><span style=\"white-space: nowrap;\">&nbsp; &nbsp; &nbsp; &nbsp; &lt;!-- SingleSignOn valve, share authentication between web applications</span></p><p><span style=\"white-space: nowrap;\">&nbsp; &nbsp; &nbsp; &nbsp; &nbsp; &nbsp; &nbsp;Documentation at: /docs/config/valve.html --&gt;</span></p><p><span style=\"white-space: nowrap;\">&nbsp; &nbsp; &nbsp; &nbsp; &lt;!--</span></p><p><span style=\"white-space: nowrap;\">&nbsp; &nbsp; &nbsp; &nbsp; &lt;Valve className=\"org.apache.catalina.authenticator.SingleSignOn\" /&gt;</span></p><p><span style=\"white-space: nowrap;\">&nbsp; &nbsp; &nbsp; &nbsp; --&gt;</span></p><p><span style=\"white-space: nowrap;\"><br></span></p><p><span style=\"white-space: nowrap;\">&nbsp; &nbsp; &nbsp; &nbsp; &lt;!-- Access log processes all example.</span></p><p><span style=\"white-space: nowrap;\">&nbsp; &nbsp; &nbsp; &nbsp; &nbsp; &nbsp; &nbsp;Documentation at: /docs/config/valve.html</span></p><p><span style=\"white-space: nowrap;\">&nbsp; &nbsp; &nbsp; &nbsp; &nbsp; &nbsp; &nbsp;Note: The pattern used is equivalent to using pattern=\"common\" --&gt;</span></p><p><span style=\"white-space: nowrap;\">&nbsp; &nbsp; &nbsp; &nbsp; &lt;Valve className=\"org.apache.catalina.valves.AccessLogValve\" directory=\"logs\"</span></p><p><span style=\"white-space: nowrap;\">&nbsp; &nbsp; &nbsp; &nbsp; &nbsp; &nbsp; &nbsp; &nbsp;prefix=\"localhost_access_log\" suffix=\".txt\"</span></p><p><span style=\"white-space: nowrap;\">&nbsp; &nbsp; &nbsp; &nbsp; &nbsp; &nbsp; &nbsp; &nbsp;pattern=\"%h %l %u %t &amp;quot;%r&amp;quot; %s %b\" /&gt;</span></p><p><span style=\"white-space: nowrap;\"><br></span></p><p><span style=\"white-space: nowrap;\">&nbsp; &nbsp; &nbsp; &lt;/Host&gt;</span></p><p><span style=\"white-space: nowrap;\">&nbsp; &nbsp; &lt;/Engine&gt;</span></p><p><br></p><p><br></p><p><img style=\"max-width:680px;width:expression(width>680?\'680px\':width+\'px\');\" class=\"inserted_image\" src=\"../file/nlfdc/notificationImage/notification_1440314267111.png\"><br><br></p>',0),(2,2,1,1,1440315942,'政务公开-单位简介1测试长标题测试长标题1','<p style=\"text-indent: 27px\"><span style=\";font-family:宋体;font-size:19px\">邢台市冶金幼儿学校有着五十多年的办学历程，是全国优秀民办园，省级绿色幼儿园，省卫生保健达标园。<font face=\"Calibri\">2005</font><font face=\"宋体\">年从企业分离，一路走来充满艰辛</font></span><span style=\";font-family:Calibri;font-size:19px\">……</span><span style=\";font-family:宋体;font-size:19px\">.</span></p><p style=\"text-indent: 27px\"><span style=\"font-family: 宋体;\"><span style=\"font-size: 19px;\">一所老远如何保持常青，必须要做到各项工作先一步，高一等，优一级，始终给人一种耳目一新的感觉。我们从企业分离之处，就坚持特色办园，抢先一步在邢台市开办猛士教育体能训练，在众多的幼儿园中独树一帜。在蒙氏班一拥而上的时候，我们于</span><u><font size=\"3\"><font face=\"Calibri\">2007</font><font face=\"宋体\">年加盟红缨教育集团，讲红缨先进的教育理念、办学思想、“</font><font face=\"Calibri\">4K</font><font face=\"宋体\">”展示、“</font><font face=\"Calibri\">3S</font><font face=\"宋体\">”系统、“四大服务”等迅速的引入园中，令到办学品质过硬。</font></font></u></span></p><p><br></p>',0),(3,2,2,1,1440319005,'政务公开-工作职责','<p style=\"margin-top: 0px; margin-bottom: 1.5em; list-style: none; color: rgb(51, 51, 51); font-family: Helvetica, Tahoma, Arial, sans-serif; font-size: 14px; line-height: 24px; white-space: normal;\">在谈到大小时，容器具有很多优势。不像虚拟机，一个容器不需要运行整个操作系统，或者对系统的硬件进行拷贝。容器仅仅只需要足够的操作系统和硬件信息资源来运行它负责托管的应用。所以，容器所消耗的资源比虚拟机小很多，因此同一主机上可以跑的容器肯定比虚拟机多。</p><p style=\"margin-top: 0px; margin-bottom: 1.5em; list-style: none; color: rgb(51, 51, 51); font-family: Helvetica, Tahoma, Arial, sans-serif; font-size: 14px; line-height: 24px; white-space: normal;\">而在最小化需要运行的容器上，开发者需要做好足够的权衡。其中一个就是减少容器与系统之间的分离度。与此相反，虚拟机与主机的分离性比容器的更高。Docker用户需要root用户权限去运行容器，如果Docker用户不知道容器中运行的是什么，这可能会引发问题。通常，那些repository都是未经过审核的，这意味着任何人都可以创建和上传镜像。显然，对从互联网上下载下来的容器给以太多的信任会引发安全问题。</p><p><br></p>',0),(4,2,2,1,1440319031,'政务公开-工作职责2','<p style=\"margin-top: 0px; margin-bottom: 1.5em; list-style: none; color: rgb(51, 51, 51); font-family: Helvetica, Tahoma, Arial, sans-serif; font-size: 14px; line-height: 24px; white-space: normal;\">在谈到大小时，容器具有很多优势。不像虚拟机，一个容器不需要运行整个操作系统，或者对系统的硬件进行拷贝。容器仅仅只需要足够的操作系统和硬件信息资源来运行它负责托管的应用。所以，容器所消耗的资源比虚拟机小很多，因此同一主机上可以跑的容器肯定比虚拟机多。</p><p style=\"margin-top: 0px; margin-bottom: 1.5em; list-style: none; color: rgb(51, 51, 51); font-family: Helvetica, Tahoma, Arial, sans-serif; font-size: 14px; line-height: 24px; white-space: normal;\">而在最小化需要运行的容器上，开发者需要做好足够的权衡。其中一个就是减少容器与系统之间的分离度。与此相反，虚拟机与主机的分离性比容器的更高。Docker用户需要root用户权限去运行容器，如果Docker用户不知道容器中运行的是什么，这可能会引发问题。通常，那些repository都是未经过审核的，这意味着任何人都可以创建和上传镜像。显然，对从互联网上下载下来的容器给以太多的信任会引发安全问题。</p><p>222222222222222222222222222222</p>',0),(5,2,2,1,1440319054,'政务公开-工作职责3','<p style=\"margin-top: 0px; margin-bottom: 1.5em; list-style: none; color: rgb(51, 51, 51); font-family: Helvetica, Tahoma, Arial, sans-serif; font-size: 14px; line-height: 24px; white-space: normal;\">在谈到大小时，容器具有很多优势。不像虚拟机，一个容器不需要运行整个操作系统，或者对系统的硬件进行拷贝。容器仅仅只需要足够的操作系统和硬件信息资源来运行它负责托管的应用。所以，容器所消耗的资源比虚拟机小很多，因此同一主机上可以跑的容器肯定比虚拟机多。</p><p style=\"margin-top: 0px; margin-bottom: 1.5em; list-style: none; color: rgb(51, 51, 51); font-family: Helvetica, Tahoma, Arial, sans-serif; font-size: 14px; line-height: 24px; white-space: normal;\">而在最小化需要运行的容器上，开发者需要做好足够的权衡。其中一个就是减少容器与系统之间的分离度。与此相反，虚拟机与主机的分离性比容器的更高。Docker用户需要root用户权限去运行容器，如果Docker用户不知道容器中运行的是什么，这可能会引发问题。通常，那些repository都是未经过审核的，这意味着任何人都可以创建和上传镜像。显然，对从互联网上下载下来的容器给以太多的信任会引发安全问题。</p><p>3333333333333333333333333333333333</p>',0),(6,2,3,1,1440319075,'政务公开-文件通知1测试长标题测试长标题测试长标题','<p style=\"margin-top: 0px; margin-bottom: 1.5em; list-style: none; color: rgb(51, 51, 51); font-family: Helvetica, Tahoma, Arial, sans-serif; font-size: 14px; line-height: 24px; white-space: normal;\">在谈到大小时，容器具有很多优势。不像虚拟机，一个容器不需要运行整个操作系统，或者对系统的硬件进行拷贝。容器仅仅只需要足够的操作系统和硬件信息资源来运行它负责托管的应用。所以，容器所消耗的资源比虚拟机小很多，因此同一主机上可以跑的容器肯定比虚拟机多。</p><p style=\"margin-top: 0px; margin-bottom: 1.5em; list-style: none; color: rgb(51, 51, 51); font-family: Helvetica, Tahoma, Arial, sans-serif; font-size: 14px; line-height: 24px; white-space: normal;\">而在最小化需要运行的容器上，开发者需要做好足够的权衡。其中一个就是减少容器与系统之间的分离度。与此相反，虚拟机与主机的分离性比容器的更高。Docker用户需要root用户权限去运行容器，如果Docker用户不知道容器中运行的是什么，这可能会引发问题。通常，那些repository都是未经过审核的，这意味着任何人都可以创建和上传镜像。显然，对从互联网上下载下来的容器给以太多的信任会引发安全问题。</p><p>111111111111111111111</p>',0),(7,2,3,1,1440319094,'政务公开-文件通知2测试长标题测试长标题测试长标题','<p style=\"margin-top: 0px; margin-bottom: 1.5em; list-style: none; color: rgb(51, 51, 51); font-family: Helvetica, Tahoma, Arial, sans-serif; font-size: 14px; line-height: 24px; white-space: normal;\">在谈到大小时，容器具有很多优势。不像虚拟机，一个容器不需要运行整个操作系统，或者对系统的硬件进行拷贝。容器仅仅只需要足够的操作系统和硬件信息资源来运行它负责托管的应用。所以，容器所消耗的资源比虚拟机小很多，因此同一主机上可以跑的容器肯定比虚拟机多。</p><p style=\"margin-top: 0px; margin-bottom: 1.5em; list-style: none; color: rgb(51, 51, 51); font-family: Helvetica, Tahoma, Arial, sans-serif; font-size: 14px; line-height: 24px; white-space: normal;\">而在最小化需要运行的容器上，开发者需要做好足够的权衡。其中一个就是减少容器与系统之间的分离度。与此相反，虚拟机与主机的分离性比容器的更高。Docker用户需要root用户权限去运行容器，如果Docker用户不知道容器中运行的是什么，这可能会引发问题。通常，那些repository都是未经过审核的，这意味着任何人都可以创建和上传镜像。显然，对从互联网上下载下来的容器给以太多的信任会引发安全问题。</p><p>22222222222222222222222222</p>',0),(8,2,3,1,1440319125,'政务公开-文件通知3','<p style=\"margin-top: 0px; margin-bottom: 1.5em; list-style: none; color: rgb(51, 51, 51); font-family: Helvetica, Tahoma, Arial, sans-serif; font-size: 14px; line-height: 24px; white-space: normal;\">在谈到大小时，容器具有很多优势。不像虚拟机，一个容器不需要运行整个操作系统，或者对系统的硬件进行拷贝。容器仅仅只需要足够的操作系统和硬件信息资源来运行它负责托管的应用。所以，容器所消耗的资源比虚拟机小很多，因此同一主机上可以跑的容器肯定比虚拟机多。</p><p style=\"margin-top: 0px; margin-bottom: 1.5em; list-style: none; color: rgb(51, 51, 51); font-family: Helvetica, Tahoma, Arial, sans-serif; font-size: 14px; line-height: 24px; white-space: normal;\">而在最小化需要运行的容器上，开发者需要做好足够的权衡。其中一个就是减少容器与系统之间的分离度。与此相反，虚拟机与主机的分离性比容器的更高。Docker用户需要root用户权限去运行容器，如果Docker用户不知道容器中运行的是什么，这可能会引发问题。通常，那些repository都是未经过审核的，这意味着任何人都可以创建和上传镜像。显然，对从互联网上下载下来的容器给以太多的信任会引发安全问题。</p><p>33333333333333333333333</p>',0),(9,2,4,1,1440319160,'政务公开-公示公告1','<p style=\"margin-top: 0px; margin-bottom: 1.5em; list-style: none; color: rgb(51, 51, 51); font-family: Helvetica, Tahoma, Arial, sans-serif; font-size: 14px; line-height: 24px; white-space: normal;\">在谈到大小时，容器具有很多优势。不像虚拟机，一个容器不需要运行整个操作系统，或者对系统的硬件进行拷贝。容器仅仅只需要足够的操作系统和硬件信息资源来运行它负责托管的应用。所以，容器所消耗的资源比虚拟机小很多，因此同一主机上可以跑的容器肯定比虚拟机多。</p><p style=\"margin-top: 0px; margin-bottom: 1.5em; list-style: none; color: rgb(51, 51, 51); font-family: Helvetica, Tahoma, Arial, sans-serif; font-size: 14px; line-height: 24px; white-space: normal;\">而在最小化需要运行的容器上，开发者需要做好足够的权衡。其中一个就是减少容器与系统之间的分离度。与此相反，虚拟机与主机的分离性比容器的更高。Docker用户需要root用户权限去运行容器，如果Docker用户不知道容器中运行的是什么，这可能会引发问题。通常，那些repository都是未经过审核的，这意味着任何人都可以创建和上传镜像。显然，对从互联网上下载下来的容器给以太多的信任会引发安全问题。</p><p>111111111111111111111</p>',0),(10,2,4,1,1440319252,'政务公开-公示公告2','<p style=\"margin-top: 0px; margin-bottom: 1.5em; list-style: none; color: rgb(51, 51, 51); font-family: Helvetica, Tahoma, Arial, sans-serif; font-size: 14px; line-height: 24px; white-space: normal;\">在谈到大小时，容器具有很多优势。不像虚拟机，一个容器不需要运行整个操作系统，或者对系统的硬件进行拷贝。容器仅仅只需要足够的操作系统和硬件信息资源来运行它负责托管的应用。所以，容器所消耗的资源比虚拟机小很多，因此同一主机上可以跑的容器肯定比虚拟机多。</p><p style=\"margin-top: 0px; margin-bottom: 1.5em; list-style: none; color: rgb(51, 51, 51); font-family: Helvetica, Tahoma, Arial, sans-serif; font-size: 14px; line-height: 24px; white-space: normal;\">而在最小化需要运行的容器上，开发者需要做好足够的权衡。其中一个就是减少容器与系统之间的分离度。与此相反，虚拟机与主机的分离性比容器的更高。Docker用户需要root用户权限去运行容器，如果Docker用户不知道容器中运行的是什么，这可能会引发问题。通常，那些repository都是未经过审核的，这意味着任何人都可以创建和上传镜像。显然，对从互联网上下载下来的容器给以太多的信任会引发安全问题。</p><p>2222222</p>',0),(11,2,4,1,1440319313,'政务公开-公示公告3','<p style=\"margin-top: 0px; margin-bottom: 1.5em; list-style: none; color: rgb(51, 51, 51); font-family: Helvetica, Tahoma, Arial, sans-serif; font-size: 14px; line-height: 24px; white-space: normal;\">在谈到大小时，容器具有很多优势。不像虚拟机，一个容器不需要运行整个操作系统，或者对系统的硬件进行拷贝。容器仅仅只需要足够的操作系统和硬件信息资源来运行它负责托管的应用。所以，容器所消耗的资源比虚拟机小很多，因此同一主机上可以跑的容器肯定比虚拟机多。</p><p style=\"margin-top: 0px; margin-bottom: 1.5em; list-style: none; color: rgb(51, 51, 51); font-family: Helvetica, Tahoma, Arial, sans-serif; font-size: 14px; line-height: 24px; white-space: normal;\">而在最小化需要运行的容器上，开发者需要做好足够的权衡。其中一个就是减少容器与系统之间的分离度。与此相反，虚拟机与主机的分离性比容器的更高。Docker用户需要root用户权限去运行容器，如果Docker用户不知道容器中运行的是什么，这可能会引发问题。通常，那些repository都是未经过审核的，这意味着任何人都可以创建和上传镜像。显然，对从互联网上下载下来的容器给以太多的信任会引发安全问题。</p><p>3333333333333</p>',0),(12,2,5,1,1440319341,'政务公开-政策法规1','<p style=\"margin-top: 0px; margin-bottom: 1.5em; list-style: none; color: rgb(51, 51, 51); font-family: Helvetica, Tahoma, Arial, sans-serif; font-size: 14px; line-height: 24px; white-space: normal;\">在谈到大小时，容器具有很多优势。不像虚拟机，一个容器不需要运行整个操作系统，或者对系统的硬件进行拷贝。容器仅仅只需要足够的操作系统和硬件信息资源来运行它负责托管的应用。所以，容器所消耗的资源比虚拟机小很多，因此同一主机上可以跑的容器肯定比虚拟机多。</p><p style=\"margin-top: 0px; margin-bottom: 1.5em; list-style: none; color: rgb(51, 51, 51); font-family: Helvetica, Tahoma, Arial, sans-serif; font-size: 14px; line-height: 24px; white-space: normal;\">而在最小化需要运行的容器上，开发者需要做好足够的权衡。其中一个就是减少容器与系统之间的分离度。与此相反，虚拟机与主机的分离性比容器的更高。Docker用户需要root用户权限去运行容器，如果Docker用户不知道容器中运行的是什么，这可能会引发问题。通常，那些repository都是未经过审核的，这意味着任何人都可以创建和上传镜像。显然，对从互联网上下载下来的容器给以太多的信任会引发安全问题。</p><p>1111111111111</p>',0),(13,2,5,1,1440319362,'政务公开-政策法规2','<p style=\"margin-top: 0px; margin-bottom: 1.5em; list-style: none; color: rgb(51, 51, 51); font-family: Helvetica, Tahoma, Arial, sans-serif; font-size: 14px; line-height: 24px; white-space: normal;\">在谈到大小时，容器具有很多优势。不像虚拟机，一个容器不需要运行整个操作系统，或者对系统的硬件进行拷贝。容器仅仅只需要足够的操作系统和硬件信息资源来运行它负责托管的应用。所以，容器所消耗的资源比虚拟机小很多，因此同一主机上可以跑的容器肯定比虚拟机多。</p><p style=\"margin-top: 0px; margin-bottom: 1.5em; list-style: none; color: rgb(51, 51, 51); font-family: Helvetica, Tahoma, Arial, sans-serif; font-size: 14px; line-height: 24px; white-space: normal;\">而在最小化需要运行的容器上，开发者需要做好足够的权衡。其中一个就是减少容器与系统之间的分离度。与此相反，虚拟机与主机的分离性比容器的更高。Docker用户需要root用户权限去运行容器，如果Docker用户不知道容器中运行的是什么，这可能会引发问题。通常，那些repository都是未经过审核的，这意味着任何人都可以创建和上传镜像。显然，对从互联网上下载下来的容器给以太多的信任会引发安全问题。</p><p>2222222222222222</p>',0),(14,2,5,1,1440319387,'政务公开-政策法规3','<p style=\"margin-top: 0px; margin-bottom: 1.5em; list-style: none; color: rgb(51, 51, 51); font-family: Helvetica, Tahoma, Arial, sans-serif; font-size: 14px; line-height: 24px; white-space: normal;\">在谈到大小时，容器具有很多优势。不像虚拟机，一个容器不需要运行整个操作系统，或者对系统的硬件进行拷贝。容器仅仅只需要足够的操作系统和硬件信息资源来运行它负责托管的应用。所以，容器所消耗的资源比虚拟机小很多，因此同一主机上可以跑的容器肯定比虚拟机多。</p><p style=\"margin-top: 0px; margin-bottom: 1.5em; list-style: none; color: rgb(51, 51, 51); font-family: Helvetica, Tahoma, Arial, sans-serif; font-size: 14px; line-height: 24px; white-space: normal;\">而在最小化需要运行的容器上，开发者需要做好足够的权衡。其中一个就是减少容器与系统之间的分离度。与此相反，虚拟机与主机的分离性比容器的更高。Docker用户需要root用户权限去运行容器，如果Docker用户不知道容器中运行的是什么，这可能会引发问题。通常，那些repository都是未经过审核的，这意味着任何人都可以创建和上传镜像。显然，对从互联网上下载下来的容器给以太多的信任会引发安全问题。</p><p>3333333333333333333333333</p>',0),(15,2,5,1,1440319408,'政务公开-政策法规4','<p style=\"margin-top: 0px; margin-bottom: 1.5em; list-style: none; color: rgb(51, 51, 51); font-family: Helvetica, Tahoma, Arial, sans-serif; font-size: 14px; line-height: 24px; white-space: normal;\">在谈到大小时，容器具有很多优势。不像虚拟机，一个容器不需要运行整个操作系统，或者对系统的硬件进行拷贝。容器仅仅只需要足够的操作系统和硬件信息资源来运行它负责托管的应用。所以，容器所消耗的资源比虚拟机小很多，因此同一主机上可以跑的容器肯定比虚拟机多。</p><p style=\"margin-top: 0px; margin-bottom: 1.5em; list-style: none; color: rgb(51, 51, 51); font-family: Helvetica, Tahoma, Arial, sans-serif; font-size: 14px; line-height: 24px; white-space: normal;\">而在最小化需要运行的容器上，开发者需要做好足够的权衡。其中一个就是减少容器与系统之间的分离度。与此相反，虚拟机与主机的分离性比容器的更高。Docker用户需要root用户权限去运行容器，如果Docker用户不知道容器中运行的是什么，这可能会引发问题。通常，那些repository都是未经过审核的，这意味着任何人都可以创建和上传镜像。显然，对从互联网上下载下来的容器给以太多的信任会引发安全问题。</p><p>44444444444444444444444444444</p>',0),(16,3,6,1,1440319434,'住房保障-办事指南1','<p style=\"margin-top: 0px; margin-bottom: 1.5em; list-style: none; color: rgb(51, 51, 51); font-family: Helvetica, Tahoma, Arial, sans-serif; font-size: 14px; line-height: 24px; white-space: normal;\">在谈到大小时，容器具有很多优势。不像虚拟机，一个容器不需要运行整个操作系统，或者对系统的硬件进行拷贝。容器仅仅只需要足够的操作系统和硬件信息资源来运行它负责托管的应用。所以，容器所消耗的资源比虚拟机小很多，因此同一主机上可以跑的容器肯定比虚拟机多。</p><p style=\"margin-top: 0px; margin-bottom: 1.5em; list-style: none; color: rgb(51, 51, 51); font-family: Helvetica, Tahoma, Arial, sans-serif; font-size: 14px; line-height: 24px; white-space: normal;\">而在最小化需要运行的容器上，开发者需要做好足够的权衡。其中一个就是减少容器与系统之间的分离度。与此相反，虚拟机与主机的分离性比容器的更高。Docker用户需要root用户权限去运行容器，如果Docker用户不知道容器中运行的是什么，这可能会引发问题。通常，那些repository都是未经过审核的，这意味着任何人都可以创建和上传镜像。显然，对从互联网上下载下来的容器给以太多的信任会引发安全问题。</p><p>11111111111111111</p>',0),(17,3,6,1,1440319453,'住房保障-办事指南2','<p style=\"margin-top: 0px; margin-bottom: 1.5em; list-style: none; color: rgb(51, 51, 51); font-family: Helvetica, Tahoma, Arial, sans-serif; font-size: 14px; line-height: 24px; white-space: normal;\">在谈到大小时，容器具有很多优势。不像虚拟机，一个容器不需要运行整个操作系统，或者对系统的硬件进行拷贝。容器仅仅只需要足够的操作系统和硬件信息资源来运行它负责托管的应用。所以，容器所消耗的资源比虚拟机小很多，因此同一主机上可以跑的容器肯定比虚拟机多。</p><p style=\"margin-top: 0px; margin-bottom: 1.5em; list-style: none; color: rgb(51, 51, 51); font-family: Helvetica, Tahoma, Arial, sans-serif; font-size: 14px; line-height: 24px; white-space: normal;\">而在最小化需要运行的容器上，开发者需要做好足够的权衡。其中一个就是减少容器与系统之间的分离度。与此相反，虚拟机与主机的分离性比容器的更高。Docker用户需要root用户权限去运行容器，如果Docker用户不知道容器中运行的是什么，这可能会引发问题。通常，那些repository都是未经过审核的，这意味着任何人都可以创建和上传镜像。显然，对从互联网上下载下来的容器给以太多的信任会引发安全问题。</p><p>222222222222222222222222</p>',0),(18,3,6,1,1440319471,'住房保障-办事指南3','<p style=\"margin-top: 0px; margin-bottom: 1.5em; list-style: none; color: rgb(51, 51, 51); font-family: Helvetica, Tahoma, Arial, sans-serif; font-size: 14px; line-height: 24px; white-space: normal;\">在谈到大小时，容器具有很多优势。不像虚拟机，一个容器不需要运行整个操作系统，或者对系统的硬件进行拷贝。容器仅仅只需要足够的操作系统和硬件信息资源来运行它负责托管的应用。所以，容器所消耗的资源比虚拟机小很多，因此同一主机上可以跑的容器肯定比虚拟机多。</p><p style=\"margin-top: 0px; margin-bottom: 1.5em; list-style: none; color: rgb(51, 51, 51); font-family: Helvetica, Tahoma, Arial, sans-serif; font-size: 14px; line-height: 24px; white-space: normal;\">而在最小化需要运行的容器上，开发者需要做好足够的权衡。其中一个就是减少容器与系统之间的分离度。与此相反，虚拟机与主机的分离性比容器的更高。Docker用户需要root用户权限去运行容器，如果Docker用户不知道容器中运行的是什么，这可能会引发问题。通常，那些repository都是未经过审核的，这意味着任何人都可以创建和上传镜像。显然，对从互联网上下载下来的容器给以太多的信任会引发安全问题。</p><p>333333333333333333333</p>',0),(19,3,6,1,1440319487,'住房保障-办事指南4','<p style=\"margin-top: 0px; margin-bottom: 1.5em; list-style: none; color: rgb(51, 51, 51); font-family: Helvetica, Tahoma, Arial, sans-serif; font-size: 14px; line-height: 24px; white-space: normal;\">在谈到大小时，容器具有很多优势。不像虚拟机，一个容器不需要运行整个操作系统，或者对系统的硬件进行拷贝。容器仅仅只需要足够的操作系统和硬件信息资源来运行它负责托管的应用。所以，容器所消耗的资源比虚拟机小很多，因此同一主机上可以跑的容器肯定比虚拟机多。</p><p style=\"margin-top: 0px; margin-bottom: 1.5em; list-style: none; color: rgb(51, 51, 51); font-family: Helvetica, Tahoma, Arial, sans-serif; font-size: 14px; line-height: 24px; white-space: normal;\">而在最小化需要运行的容器上，开发者需要做好足够的权衡。其中一个就是减少容器与系统之间的分离度。与此相反，虚拟机与主机的分离性比容器的更高。Docker用户需要root用户权限去运行容器，如果Docker用户不知道容器中运行的是什么，这可能会引发问题。通常，那些repository都是未经过审核的，这意味着任何人都可以创建和上传镜像。显然，对从互联网上下载下来的容器给以太多的信任会引发安全问题。</p><p>4444444444444444444</p>',1),(20,3,7,1,1440319518,'住房保障-建设信息1','<p style=\"margin-top: 0px; margin-bottom: 1.5em; list-style: none; color: rgb(51, 51, 51); font-family: Helvetica, Tahoma, Arial, sans-serif; font-size: 14px; line-height: 24px; white-space: normal;\">在谈到大小时，容器具有很多优势。不像虚拟机，一个容器不需要运行整个操作系统，或者对系统的硬件进行拷贝。容器仅仅只需要足够的操作系统和硬件信息资源来运行它负责托管的应用。所以，容器所消耗的资源比虚拟机小很多，因此同一主机上可以跑的容器肯定比虚拟机多。</p><p style=\"margin-top: 0px; margin-bottom: 1.5em; list-style: none; color: rgb(51, 51, 51); font-family: Helvetica, Tahoma, Arial, sans-serif; font-size: 14px; line-height: 24px; white-space: normal;\">而在最小化需要运行的容器上，开发者需要做好足够的权衡。其中一个就是减少容器与系统之间的分离度。与此相反，虚拟机与主机的分离性比容器的更高。Docker用户需要root用户权限去运行容器，如果Docker用户不知道容器中运行的是什么，这可能会引发问题。通常，那些repository都是未经过审核的，这意味着任何人都可以创建和上传镜像。显然，对从互联网上下载下来的容器给以太多的信任会引发安全问题。</p><p>111111111111111111</p>',0),(21,3,7,1,1440319538,'住房保障-建设信息2','<p style=\"margin-top: 0px; margin-bottom: 1.5em; list-style: none; color: rgb(51, 51, 51); font-family: Helvetica, Tahoma, Arial, sans-serif; font-size: 14px; line-height: 24px; white-space: normal;\">在谈到大小时，容器具有很多优势。不像虚拟机，一个容器不需要运行整个操作系统，或者对系统的硬件进行拷贝。容器仅仅只需要足够的操作系统和硬件信息资源来运行它负责托管的应用。所以，容器所消耗的资源比虚拟机小很多，因此同一主机上可以跑的容器肯定比虚拟机多。</p><p style=\"margin-top: 0px; margin-bottom: 1.5em; list-style: none; color: rgb(51, 51, 51); font-family: Helvetica, Tahoma, Arial, sans-serif; font-size: 14px; line-height: 24px; white-space: normal;\">而在最小化需要运行的容器上，开发者需要做好足够的权衡。其中一个就是减少容器与系统之间的分离度。与此相反，虚拟机与主机的分离性比容器的更高。Docker用户需要root用户权限去运行容器，如果Docker用户不知道容器中运行的是什么，这可能会引发问题。通常，那些repository都是未经过审核的，这意味着任何人都可以创建和上传镜像。显然，对从互联网上下载下来的容器给以太多的信任会引发安全问题。</p><p>22222222222222222222222</p>',0),(22,3,7,1,1440319555,'住房保障-建设信息3','<p style=\"margin-top: 0px; margin-bottom: 1.5em; list-style: none; color: rgb(51, 51, 51); font-family: Helvetica, Tahoma, Arial, sans-serif; font-size: 14px; line-height: 24px; white-space: normal;\">在谈到大小时，容器具有很多优势。不像虚拟机，一个容器不需要运行整个操作系统，或者对系统的硬件进行拷贝。容器仅仅只需要足够的操作系统和硬件信息资源来运行它负责托管的应用。所以，容器所消耗的资源比虚拟机小很多，因此同一主机上可以跑的容器肯定比虚拟机多。</p><p style=\"margin-top: 0px; margin-bottom: 1.5em; list-style: none; color: rgb(51, 51, 51); font-family: Helvetica, Tahoma, Arial, sans-serif; font-size: 14px; line-height: 24px; white-space: normal;\">而在最小化需要运行的容器上，开发者需要做好足够的权衡。其中一个就是减少容器与系统之间的分离度。与此相反，虚拟机与主机的分离性比容器的更高。Docker用户需要root用户权限去运行容器，如果Docker用户不知道容器中运行的是什么，这可能会引发问题。通常，那些repository都是未经过审核的，这意味着任何人都可以创建和上传镜像。显然，对从互联网上下载下来的容器给以太多的信任会引发安全问题。</p><p>3333333333333333333</p>',0),(23,3,8,1,1440319582,'住房保障-分配信息1','<p style=\"margin-top: 0px; margin-bottom: 1.5em; list-style: none; color: rgb(51, 51, 51); font-family: Helvetica, Tahoma, Arial, sans-serif; font-size: 14px; line-height: 24px; white-space: normal;\">在谈到大小时，容器具有很多优势。不像虚拟机，一个容器不需要运行整个操作系统，或者对系统的硬件进行拷贝。容器仅仅只需要足够的操作系统和硬件信息资源来运行它负责托管的应用。所以，容器所消耗的资源比虚拟机小很多，因此同一主机上可以跑的容器肯定比虚拟机多。</p><p style=\"margin-top: 0px; margin-bottom: 1.5em; list-style: none; color: rgb(51, 51, 51); font-family: Helvetica, Tahoma, Arial, sans-serif; font-size: 14px; line-height: 24px; white-space: normal;\">而在最小化需要运行的容器上，开发者需要做好足够的权衡。其中一个就是减少容器与系统之间的分离度。与此相反，虚拟机与主机的分离性比容器的更高。Docker用户需要root用户权限去运行容器，如果Docker用户不知道容器中运行的是什么，这可能会引发问题。通常，那些repository都是未经过审核的，这意味着任何人都可以创建和上传镜像。显然，对从互联网上下载下来的容器给以太多的信任会引发安全问题。</p><p>111111111111111</p>',0),(24,3,9,1,1440319606,'住房保障-动态管理1','<p style=\"margin-top: 0px; margin-bottom: 1.5em; list-style: none; color: rgb(51, 51, 51); font-family: Helvetica, Tahoma, Arial, sans-serif; font-size: 14px; line-height: 24px; white-space: normal;\">在谈到大小时，容器具有很多优势。不像虚拟机，一个容器不需要运行整个操作系统，或者对系统的硬件进行拷贝。容器仅仅只需要足够的操作系统和硬件信息资源来运行它负责托管的应用。所以，容器所消耗的资源比虚拟机小很多，因此同一主机上可以跑的容器肯定比虚拟机多。</p><p style=\"margin-top: 0px; margin-bottom: 1.5em; list-style: none; color: rgb(51, 51, 51); font-family: Helvetica, Tahoma, Arial, sans-serif; font-size: 14px; line-height: 24px; white-space: normal;\">而在最小化需要运行的容器上，开发者需要做好足够的权衡。其中一个就是减少容器与系统之间的分离度。与此相反，虚拟机与主机的分离性比容器的更高。Docker用户需要root用户权限去运行容器，如果Docker用户不知道容器中运行的是什么，这可能会引发问题。通常，那些repository都是未经过审核的，这意味着任何人都可以创建和上传镜像。显然，对从互联网上下载下来的容器给以太多的信任会引发安全问题。</p><p>11111111111111111</p>',0),(25,3,10,1,1440319623,'住房保障-注册法规1','<p style=\"margin-top: 0px; margin-bottom: 1.5em; list-style: none; color: rgb(51, 51, 51); font-family: Helvetica, Tahoma, Arial, sans-serif; font-size: 14px; line-height: 24px; white-space: normal;\">在谈到大小时，容器具有很多优势。不像虚拟机，一个容器不需要运行整个操作系统，或者对系统的硬件进行拷贝。容器仅仅只需要足够的操作系统和硬件信息资源来运行它负责托管的应用。所以，容器所消耗的资源比虚拟机小很多，因此同一主机上可以跑的容器肯定比虚拟机多。</p><p style=\"margin-top: 0px; margin-bottom: 1.5em; list-style: none; color: rgb(51, 51, 51); font-family: Helvetica, Tahoma, Arial, sans-serif; font-size: 14px; line-height: 24px; white-space: normal;\">而在最小化需要运行的容器上，开发者需要做好足够的权衡。其中一个就是减少容器与系统之间的分离度。与此相反，虚拟机与主机的分离性比容器的更高。Docker用户需要root用户权限去运行容器，如果Docker用户不知道容器中运行的是什么，这可能会引发问题。通常，那些repository都是未经过审核的，这意味着任何人都可以创建和上传镜像。显然，对从互联网上下载下来的容器给以太多的信任会引发安全问题。</p><p>11111111111111111111</p>',0),(26,4,11,1,1440319642,'房屋登记-办事指南1','<p style=\"margin-top: 0px; margin-bottom: 1.5em; list-style: none; color: rgb(51, 51, 51); font-family: Helvetica, Tahoma, Arial, sans-serif; font-size: 14px; line-height: 24px; white-space: normal;\">在谈到大小时，容器具有很多优势。不像虚拟机，一个容器不需要运行整个操作系统，或者对系统的硬件进行拷贝。容器仅仅只需要足够的操作系统和硬件信息资源来运行它负责托管的应用。所以，容器所消耗的资源比虚拟机小很多，因此同一主机上可以跑的容器肯定比虚拟机多。</p><p style=\"margin-top: 0px; margin-bottom: 1.5em; list-style: none; color: rgb(51, 51, 51); font-family: Helvetica, Tahoma, Arial, sans-serif; font-size: 14px; line-height: 24px; white-space: normal;\">而在最小化需要运行的容器上，开发者需要做好足够的权衡。其中一个就是减少容器与系统之间的分离度。与此相反，虚拟机与主机的分离性比容器的更高。Docker用户需要root用户权限去运行容器，如果Docker用户不知道容器中运行的是什么，这可能会引发问题。通常，那些repository都是未经过审核的，这意味着任何人都可以创建和上传镜像。显然，对从互联网上下载下来的容器给以太多的信任会引发安全问题。</p><p>11111111111111111</p>',0),(27,4,12,1,1440319673,'房屋登记-业务介绍1','<p style=\"margin-top: 0px; margin-bottom: 1.5em; list-style: none; color: rgb(51, 51, 51); font-family: Helvetica, Tahoma, Arial, sans-serif; font-size: 14px; line-height: 24px; white-space: normal;\">在谈到大小时，容器具有很多优势。不像虚拟机，一个容器不需要运行整个操作系统，或者对系统的硬件进行拷贝。容器仅仅只需要足够的操作系统和硬件信息资源来运行它负责托管的应用。所以，容器所消耗的资源比虚拟机小很多，因此同一主机上可以跑的容器肯定比虚拟机多。</p><p style=\"margin-top: 0px; margin-bottom: 1.5em; list-style: none; color: rgb(51, 51, 51); font-family: Helvetica, Tahoma, Arial, sans-serif; font-size: 14px; line-height: 24px; white-space: normal;\">而在最小化需要运行的容器上，开发者需要做好足够的权衡。其中一个就是减少容器与系统之间的分离度。与此相反，虚拟机与主机的分离性比容器的更高。Docker用户需要root用户权限去运行容器，如果Docker用户不知道容器中运行的是什么，这可能会引发问题。通常，那些repository都是未经过审核的，这意味着任何人都可以创建和上传镜像。显然，对从互联网上下载下来的容器给以太多的信任会引发安全问题。</p><p>11111111111111111111</p>',0),(28,4,13,1,1440319707,'房屋登记-登记类别1','<p style=\"margin-top: 0px; margin-bottom: 1.5em; list-style: none; color: rgb(51, 51, 51); font-family: Helvetica, Tahoma, Arial, sans-serif; font-size: 14px; line-height: 24px; white-space: normal;\">在谈到大小时，容器具有很多优势。不像虚拟机，一个容器不需要运行整个操作系统，或者对系统的硬件进行拷贝。容器仅仅只需要足够的操作系统和硬件信息资源来运行它负责托管的应用。所以，容器所消耗的资源比虚拟机小很多，因此同一主机上可以跑的容器肯定比虚拟机多。</p><p style=\"margin-top: 0px; margin-bottom: 1.5em; list-style: none; color: rgb(51, 51, 51); font-family: Helvetica, Tahoma, Arial, sans-serif; font-size: 14px; line-height: 24px; white-space: normal;\">而在最小化需要运行的容器上，开发者需要做好足够的权衡。其中一个就是减少容器与系统之间的分离度。与此相反，虚拟机与主机的分离性比容器的更高。Docker用户需要root用户权限去运行容器，如果Docker用户不知道容器中运行的是什么，这可能会引发问题。通常，那些repository都是未经过审核的，这意味着任何人都可以创建和上传镜像。显然，对从互联网上下载下来的容器给以太多的信任会引发安全问题。</p><p>1111111111111111</p>',0),(29,4,13,1,1440319732,'房屋登记-登记类别2','<p style=\"margin-top: 0px; margin-bottom: 1.5em; list-style: none; color: rgb(51, 51, 51); font-family: Helvetica, Tahoma, Arial, sans-serif; font-size: 14px; line-height: 24px; white-space: normal;\">在谈到大小时，容器具有很多优势。不像虚拟机，一个容器不需要运行整个操作系统，或者对系统的硬件进行拷贝。容器仅仅只需要足够的操作系统和硬件信息资源来运行它负责托管的应用。所以，容器所消耗的资源比虚拟机小很多，因此同一主机上可以跑的容器肯定比虚拟机多。</p><p style=\"margin-top: 0px; margin-bottom: 1.5em; list-style: none; color: rgb(51, 51, 51); font-family: Helvetica, Tahoma, Arial, sans-serif; font-size: 14px; line-height: 24px; white-space: normal;\">而在最小化需要运行的容器上，开发者需要做好足够的权衡。其中一个就是减少容器与系统之间的分离度。与此相反，虚拟机与主机的分离性比容器的更高。Docker用户需要root用户权限去运行容器，如果Docker用户不知道容器中运行的是什么，这可能会引发问题。通常，那些repository都是未经过审核的，这意味着任何人都可以创建和上传镜像。显然，对从互联网上下载下来的容器给以太多的信任会引发安全问题。</p><p>2222222222222222222222</p>',0),(30,5,14,1,1440319750,'维修资金-办事指南1','<p style=\"margin-top: 0px; margin-bottom: 1.5em; list-style: none; color: rgb(51, 51, 51); font-family: Helvetica, Tahoma, Arial, sans-serif; font-size: 14px; line-height: 24px; white-space: normal;\">在谈到大小时，容器具有很多优势。不像虚拟机，一个容器不需要运行整个操作系统，或者对系统的硬件进行拷贝。容器仅仅只需要足够的操作系统和硬件信息资源来运行它负责托管的应用。所以，容器所消耗的资源比虚拟机小很多，因此同一主机上可以跑的容器肯定比虚拟机多。</p><p style=\"margin-top: 0px; margin-bottom: 1.5em; list-style: none; color: rgb(51, 51, 51); font-family: Helvetica, Tahoma, Arial, sans-serif; font-size: 14px; line-height: 24px; white-space: normal;\">而在最小化需要运行的容器上，开发者需要做好足够的权衡。其中一个就是减少容器与系统之间的分离度。与此相反，虚拟机与主机的分离性比容器的更高。Docker用户需要root用户权限去运行容器，如果Docker用户不知道容器中运行的是什么，这可能会引发问题。通常，那些repository都是未经过审核的，这意味着任何人都可以创建和上传镜像。显然，对从互联网上下载下来的容器给以太多的信任会引发安全问题。</p><p>1111111111111111111</p>',0),(31,5,14,1,1440319872,'维修资金-办事指南2','<p style=\"margin-top: 0px; margin-bottom: 1.5em; list-style: none; color: rgb(51, 51, 51); font-family: Helvetica, Tahoma, Arial, sans-serif; font-size: 14px; line-height: 24px; white-space: normal;\">在谈到大小时，容器具有很多优势。不像虚拟机，一个容器不需要运行整个操作系统，或者对系统的硬件进行拷贝。容器仅仅只需要足够的操作系统和硬件信息资源来运行它负责托管的应用。所以，容器所消耗的资源比虚拟机小很多，因此同一主机上可以跑的容器肯定比虚拟机多。</p><p style=\"margin-top: 0px; margin-bottom: 1.5em; list-style: none; color: rgb(51, 51, 51); font-family: Helvetica, Tahoma, Arial, sans-serif; font-size: 14px; line-height: 24px; white-space: normal;\">而在最小化需要运行的容器上，开发者需要做好足够的权衡。其中一个就是减少容器与系统之间的分离度。与此相反，虚拟机与主机的分离性比容器的更高。Docker用户需要root用户权限去运行容器，如果Docker用户不知道容器中运行的是什么，这可能会引发问题。通常，那些repository都是未经过审核的，这意味着任何人都可以创建和上传镜像。显然，对从互联网上下载下来的容器给以太多的信任会引发安全问题。</p><p>2222222222222222</p>',0),(32,5,15,1,1440319892,'维修资金-账务查询1','<p style=\"margin-top: 0px; margin-bottom: 1.5em; list-style: none; color: rgb(51, 51, 51); font-family: Helvetica, Tahoma, Arial, sans-serif; font-size: 14px; line-height: 24px; white-space: normal;\">在谈到大小时，容器具有很多优势。不像虚拟机，一个容器不需要运行整个操作系统，或者对系统的硬件进行拷贝。容器仅仅只需要足够的操作系统和硬件信息资源来运行它负责托管的应用。所以，容器所消耗的资源比虚拟机小很多，因此同一主机上可以跑的容器肯定比虚拟机多。</p><p style=\"margin-top: 0px; margin-bottom: 1.5em; list-style: none; color: rgb(51, 51, 51); font-family: Helvetica, Tahoma, Arial, sans-serif; font-size: 14px; line-height: 24px; white-space: normal;\">而在最小化需要运行的容器上，开发者需要做好足够的权衡。其中一个就是减少容器与系统之间的分离度。与此相反，虚拟机与主机的分离性比容器的更高。Docker用户需要root用户权限去运行容器，如果Docker用户不知道容器中运行的是什么，这可能会引发问题。通常，那些repository都是未经过审核的，这意味着任何人都可以创建和上传镜像。显然，对从互联网上下载下来的容器给以太多的信任会引发安全问题。</p><p>1111111111111</p>',0),(33,5,16,1,1440319916,'维修资金-政策法规1','<p style=\"margin-top: 0px; margin-bottom: 1.5em; list-style: none; color: rgb(51, 51, 51); font-family: Helvetica, Tahoma, Arial, sans-serif; font-size: 14px; line-height: 24px; white-space: normal;\">在谈到大小时，容器具有很多优势。不像虚拟机，一个容器不需要运行整个操作系统，或者对系统的硬件进行拷贝。容器仅仅只需要足够的操作系统和硬件信息资源来运行它负责托管的应用。所以，容器所消耗的资源比虚拟机小很多，因此同一主机上可以跑的容器肯定比虚拟机多。</p><p style=\"margin-top: 0px; margin-bottom: 1.5em; list-style: none; color: rgb(51, 51, 51); font-family: Helvetica, Tahoma, Arial, sans-serif; font-size: 14px; line-height: 24px; white-space: normal;\">而在最小化需要运行的容器上，开发者需要做好足够的权衡。其中一个就是减少容器与系统之间的分离度。与此相反，虚拟机与主机的分离性比容器的更高。Docker用户需要root用户权限去运行容器，如果Docker用户不知道容器中运行的是什么，这可能会引发问题。通常，那些repository都是未经过审核的，这意味着任何人都可以创建和上传镜像。显然，对从互联网上下载下来的容器给以太多的信任会引发安全问题。</p><p>11111111111111</p>',0),(34,5,16,1,1440319933,'维修资金-政策法规2','<p style=\"margin-top: 0px; margin-bottom: 1.5em; list-style: none; color: rgb(51, 51, 51); font-family: Helvetica, Tahoma, Arial, sans-serif; font-size: 14px; line-height: 24px; white-space: normal;\">在谈到大小时，容器具有很多优势。不像虚拟机，一个容器不需要运行整个操作系统，或者对系统的硬件进行拷贝。容器仅仅只需要足够的操作系统和硬件信息资源来运行它负责托管的应用。所以，容器所消耗的资源比虚拟机小很多，因此同一主机上可以跑的容器肯定比虚拟机多。</p><p style=\"margin-top: 0px; margin-bottom: 1.5em; list-style: none; color: rgb(51, 51, 51); font-family: Helvetica, Tahoma, Arial, sans-serif; font-size: 14px; line-height: 24px; white-space: normal;\">而在最小化需要运行的容器上，开发者需要做好足够的权衡。其中一个就是减少容器与系统之间的分离度。与此相反，虚拟机与主机的分离性比容器的更高。Docker用户需要root用户权限去运行容器，如果Docker用户不知道容器中运行的是什么，这可能会引发问题。通常，那些repository都是未经过审核的，这意味着任何人都可以创建和上传镜像。显然，对从互联网上下载下来的容器给以太多的信任会引发安全问题。</p><p>2222222222222222</p>',0),(35,5,16,1,1440319956,'维修资金-政策法规3','<p style=\"margin-top: 0px; margin-bottom: 1.5em; list-style: none; color: rgb(51, 51, 51); font-family: Helvetica, Tahoma, Arial, sans-serif; font-size: 14px; line-height: 24px; white-space: normal;\">在谈到大小时，容器具有很多优势。不像虚拟机，一个容器不需要运行整个操作系统，或者对系统的硬件进行拷贝。容器仅仅只需要足够的操作系统和硬件信息资源来运行它负责托管的应用。所以，容器所消耗的资源比虚拟机小很多，因此同一主机上可以跑的容器肯定比虚拟机多。</p><p style=\"margin-top: 0px; margin-bottom: 1.5em; list-style: none; color: rgb(51, 51, 51); font-family: Helvetica, Tahoma, Arial, sans-serif; font-size: 14px; line-height: 24px; white-space: normal;\">而在最小化需要运行的容器上，开发者需要做好足够的权衡。其中一个就是减少容器与系统之间的分离度。与此相反，虚拟机与主机的分离性比容器的更高。Docker用户需要root用户权限去运行容器，如果Docker用户不知道容器中运行的是什么，这可能会引发问题。通常，那些repository都是未经过审核的，这意味着任何人都可以创建和上传镜像。显然，对从互联网上下载下来的容器给以太多的信任会引发安全问题。</p><p>3333333333333333</p>',0),(36,6,17,1,1440319980,'物业管理-公告通知1','<p style=\"margin-top: 0px; margin-bottom: 1.5em; list-style: none; color: rgb(51, 51, 51); font-family: Helvetica, Tahoma, Arial, sans-serif; font-size: 14px; line-height: 24px; white-space: normal;\">在谈到大小时，容器具有很多优势。不像虚拟机，一个容器不需要运行整个操作系统，或者对系统的硬件进行拷贝。容器仅仅只需要足够的操作系统和硬件信息资源来运行它负责托管的应用。所以，容器所消耗的资源比虚拟机小很多，因此同一主机上可以跑的容器肯定比虚拟机多。</p><p style=\"margin-top: 0px; margin-bottom: 1.5em; list-style: none; color: rgb(51, 51, 51); font-family: Helvetica, Tahoma, Arial, sans-serif; font-size: 14px; line-height: 24px; white-space: normal;\">而在最小化需要运行的容器上，开发者需要做好足够的权衡。其中一个就是减少容器与系统之间的分离度。与此相反，虚拟机与主机的分离性比容器的更高。Docker用户需要root用户权限去运行容器，如果Docker用户不知道容器中运行的是什么，这可能会引发问题。通常，那些repository都是未经过审核的，这意味着任何人都可以创建和上传镜像。显然，对从互联网上下载下来的容器给以太多的信任会引发安全问题。</p><p>1111111111111</p>',0),(37,6,17,1,1440320005,'物业管理-公告通知2','<p style=\"margin-top: 0px; margin-bottom: 1.5em; list-style: none; color: rgb(51, 51, 51); font-family: Helvetica, Tahoma, Arial, sans-serif; font-size: 14px; line-height: 24px; white-space: normal;\">在谈到大小时，容器具有很多优势。不像虚拟机，一个容器不需要运行整个操作系统，或者对系统的硬件进行拷贝。容器仅仅只需要足够的操作系统和硬件信息资源来运行它负责托管的应用。所以，容器所消耗的资源比虚拟机小很多，因此同一主机上可以跑的容器肯定比虚拟机多。</p><p style=\"margin-top: 0px; margin-bottom: 1.5em; list-style: none; color: rgb(51, 51, 51); font-family: Helvetica, Tahoma, Arial, sans-serif; font-size: 14px; line-height: 24px; white-space: normal;\">而在最小化需要运行的容器上，开发者需要做好足够的权衡。其中一个就是减少容器与系统之间的分离度。与此相反，虚拟机与主机的分离性比容器的更高。Docker用户需要root用户权限去运行容器，如果Docker用户不知道容器中运行的是什么，这可能会引发问题。通常，那些repository都是未经过审核的，这意味着任何人都可以创建和上传镜像。显然，对从互联网上下载下来的容器给以太多的信任会引发安全问题。</p><p>222222222222222</p>',0),(38,6,18,1,1440320025,'物业管理-政策法规1','<p style=\"margin-top: 0px; margin-bottom: 1.5em; list-style: none; color: rgb(51, 51, 51); font-family: Helvetica, Tahoma, Arial, sans-serif; font-size: 14px; line-height: 24px; white-space: normal;\">在谈到大小时，容器具有很多优势。不像虚拟机，一个容器不需要运行整个操作系统，或者对系统的硬件进行拷贝。容器仅仅只需要足够的操作系统和硬件信息资源来运行它负责托管的应用。所以，容器所消耗的资源比虚拟机小很多，因此同一主机上可以跑的容器肯定比虚拟机多。</p><p style=\"margin-top: 0px; margin-bottom: 1.5em; list-style: none; color: rgb(51, 51, 51); font-family: Helvetica, Tahoma, Arial, sans-serif; font-size: 14px; line-height: 24px; white-space: normal;\">而在最小化需要运行的容器上，开发者需要做好足够的权衡。其中一个就是减少容器与系统之间的分离度。与此相反，虚拟机与主机的分离性比容器的更高。Docker用户需要root用户权限去运行容器，如果Docker用户不知道容器中运行的是什么，这可能会引发问题。通常，那些repository都是未经过审核的，这意味着任何人都可以创建和上传镜像。显然，对从互联网上下载下来的容器给以太多的信任会引发安全问题。</p><p>111111111111111111</p>',0),(39,6,18,1,1440320039,'物业管理-政策法规2','<p style=\"margin-top: 0px; margin-bottom: 1.5em; list-style: none; color: rgb(51, 51, 51); font-family: Helvetica, Tahoma, Arial, sans-serif; font-size: 14px; line-height: 24px; white-space: normal;\">在谈到大小时，容器具有很多优势。不像虚拟机，一个容器不需要运行整个操作系统，或者对系统的硬件进行拷贝。容器仅仅只需要足够的操作系统和硬件信息资源来运行它负责托管的应用。所以，容器所消耗的资源比虚拟机小很多，因此同一主机上可以跑的容器肯定比虚拟机多。</p><p style=\"margin-top: 0px; margin-bottom: 1.5em; list-style: none; color: rgb(51, 51, 51); font-family: Helvetica, Tahoma, Arial, sans-serif; font-size: 14px; line-height: 24px; white-space: normal;\">而在最小化需要运行的容器上，开发者需要做好足够的权衡。其中一个就是减少容器与系统之间的分离度。与此相反，虚拟机与主机的分离性比容器的更高。Docker用户需要root用户权限去运行容器，如果Docker用户不知道容器中运行的是什么，这可能会引发问题。通常，那些repository都是未经过审核的，这意味着任何人都可以创建和上传镜像。显然，对从互联网上下载下来的容器给以太多的信任会引发安全问题。</p><p>2222222222222222222</p>',0),(40,6,19,1,1440320058,'物业管理-年检情况1','<p style=\"margin-top: 0px; margin-bottom: 1.5em; list-style: none; color: rgb(51, 51, 51); font-family: Helvetica, Tahoma, Arial, sans-serif; font-size: 14px; line-height: 24px; white-space: normal;\">在谈到大小时，容器具有很多优势。不像虚拟机，一个容器不需要运行整个操作系统，或者对系统的硬件进行拷贝。容器仅仅只需要足够的操作系统和硬件信息资源来运行它负责托管的应用。所以，容器所消耗的资源比虚拟机小很多，因此同一主机上可以跑的容器肯定比虚拟机多。</p><p style=\"margin-top: 0px; margin-bottom: 1.5em; list-style: none; color: rgb(51, 51, 51); font-family: Helvetica, Tahoma, Arial, sans-serif; font-size: 14px; line-height: 24px; white-space: normal;\">而在最小化需要运行的容器上，开发者需要做好足够的权衡。其中一个就是减少容器与系统之间的分离度。与此相反，虚拟机与主机的分离性比容器的更高。Docker用户需要root用户权限去运行容器，如果Docker用户不知道容器中运行的是什么，这可能会引发问题。通常，那些repository都是未经过审核的，这意味着任何人都可以创建和上传镜像。显然，对从互联网上下载下来的容器给以太多的信任会引发安全问题。</p><p>1111111111111111</p>',0),(41,6,19,1,1440320077,'物业管理-年检情况2','<p style=\"margin-top: 0px; margin-bottom: 1.5em; list-style: none; color: rgb(51, 51, 51); font-family: Helvetica, Tahoma, Arial, sans-serif; font-size: 14px; line-height: 24px; white-space: normal;\">在谈到大小时，容器具有很多优势。不像虚拟机，一个容器不需要运行整个操作系统，或者对系统的硬件进行拷贝。容器仅仅只需要足够的操作系统和硬件信息资源来运行它负责托管的应用。所以，容器所消耗的资源比虚拟机小很多，因此同一主机上可以跑的容器肯定比虚拟机多。</p><p style=\"margin-top: 0px; margin-bottom: 1.5em; list-style: none; color: rgb(51, 51, 51); font-family: Helvetica, Tahoma, Arial, sans-serif; font-size: 14px; line-height: 24px; white-space: normal;\">而在最小化需要运行的容器上，开发者需要做好足够的权衡。其中一个就是减少容器与系统之间的分离度。与此相反，虚拟机与主机的分离性比容器的更高。Docker用户需要root用户权限去运行容器，如果Docker用户不知道容器中运行的是什么，这可能会引发问题。通常，那些repository都是未经过审核的，这意味着任何人都可以创建和上传镜像。显然，对从互联网上下载下来的容器给以太多的信任会引发安全问题。</p><p>2222222222</p>',0),(42,7,20,1,1440320107,'网上备案-网上查询1','<p style=\"margin-top: 0px; margin-bottom: 1.5em; list-style: none; color: rgb(51, 51, 51); font-family: Helvetica, Tahoma, Arial, sans-serif; font-size: 14px; line-height: 24px; white-space: normal;\">在谈到大小时，容器具有很多优势。不像虚拟机，一个容器不需要运行整个操作系统，或者对系统的硬件进行拷贝。容器仅仅只需要足够的操作系统和硬件信息资源来运行它负责托管的应用。所以，容器所消耗的资源比虚拟机小很多，因此同一主机上可以跑的容器肯定比虚拟机多。</p><p style=\"margin-top: 0px; margin-bottom: 1.5em; list-style: none; color: rgb(51, 51, 51); font-family: Helvetica, Tahoma, Arial, sans-serif; font-size: 14px; line-height: 24px; white-space: normal;\">而在最小化需要运行的容器上，开发者需要做好足够的权衡。其中一个就是减少容器与系统之间的分离度。与此相反，虚拟机与主机的分离性比容器的更高。Docker用户需要root用户权限去运行容器，如果Docker用户不知道容器中运行的是什么，这可能会引发问题。通常，那些repository都是未经过审核的，这意味着任何人都可以创建和上传镜像。显然，对从互联网上下载下来的容器给以太多的信任会引发安全问题。</p><p>11111111111111111</p>',0),(43,8,21,1,1440320141,'信息中心-新闻动态1','<p style=\"margin-top: 0px; margin-bottom: 1.5em; list-style: none; color: rgb(51, 51, 51); font-family: Helvetica, Tahoma, Arial, sans-serif; font-size: 14px; line-height: 24px; white-space: normal;\">在谈到大小时，容器具有很多优势。不像虚拟机，一个容器不需要运行整个操作系统，或者对系统的硬件进行拷贝。容器仅仅只需要足够的操作系统和硬件信息资源来运行它负责托管的应用。所以，容器所消耗的资源比虚拟机小很多，因此同一主机上可以跑的容器肯定比虚拟机多。</p><p style=\"margin-top: 0px; margin-bottom: 1.5em; list-style: none; color: rgb(51, 51, 51); font-family: Helvetica, Tahoma, Arial, sans-serif; font-size: 14px; line-height: 24px; white-space: normal;\">而在最小化需要运行的容器上，开发者需要做好足够的权衡。其中一个就是减少容器与系统之间的分离度。与此相反，虚拟机与主机的分离性比容器的更高。Docker用户需要root用户权限去运行容器，如果Docker用户不知道容器中运行的是什么，这可能会引发问题。通常，那些repository都是未经过审核的，这意味着任何人都可以创建和上传镜像。显然，对从互联网上下载下来的容器给以太多的信任会引发安全问题。</p><p>11111111111111111111</p>',0),(44,8,22,1,1440320169,'信息中心-通知公告1','<p style=\"margin-top: 0px; margin-bottom: 1.5em; list-style: none; color: rgb(51, 51, 51); font-family: Helvetica, Tahoma, Arial, sans-serif; font-size: 14px; line-height: 24px; white-space: normal;\">在谈到大小时，容器具有很多优势。不像虚拟机，一个容器不需要运行整个操作系统，或者对系统的硬件进行拷贝。容器仅仅只需要足够的操作系统和硬件信息资源来运行它负责托管的应用。所以，容器所消耗的资源比虚拟机小很多，因此同一主机上可以跑的容器肯定比虚拟机多。</p><p style=\"margin-top: 0px; margin-bottom: 1.5em; list-style: none; color: rgb(51, 51, 51); font-family: Helvetica, Tahoma, Arial, sans-serif; font-size: 14px; line-height: 24px; white-space: normal;\">而在最小化需要运行的容器上，开发者需要做好足够的权衡。其中一个就是减少容器与系统之间的分离度。与此相反，虚拟机与主机的分离性比容器的更高。Docker用户需要root用户权限去运行容器，如果Docker用户不知道容器中运行的是什么，这可能会引发问题。通常，那些repository都是未经过审核的，这意味着任何人都可以创建和上传镜像。显然，对从互联网上下载下来的容器给以太多的信任会引发安全问题。</p><p>1111111111111111111</p>',0),(45,8,23,1,1440320191,'信息中心-政策法规1','<p style=\"margin-top: 0px; margin-bottom: 1.5em; list-style: none; color: rgb(51, 51, 51); font-family: Helvetica, Tahoma, Arial, sans-serif; font-size: 14px; line-height: 24px; white-space: normal;\">在谈到大小时，容器具有很多优势。不像虚拟机，一个容器不需要运行整个操作系统，或者对系统的硬件进行拷贝。容器仅仅只需要足够的操作系统和硬件信息资源来运行它负责托管的应用。所以，容器所消耗的资源比虚拟机小很多，因此同一主机上可以跑的容器肯定比虚拟机多。</p><p style=\"margin-top: 0px; margin-bottom: 1.5em; list-style: none; color: rgb(51, 51, 51); font-family: Helvetica, Tahoma, Arial, sans-serif; font-size: 14px; line-height: 24px; white-space: normal;\">而在最小化需要运行的容器上，开发者需要做好足够的权衡。其中一个就是减少容器与系统之间的分离度。与此相反，虚拟机与主机的分离性比容器的更高。Docker用户需要root用户权限去运行容器，如果Docker用户不知道容器中运行的是什么，这可能会引发问题。通常，那些repository都是未经过审核的，这意味着任何人都可以创建和上传镜像。显然，对从互联网上下载下来的容器给以太多的信任会引发安全问题。</p><p>111111111111111111111</p>',0),(46,8,24,1,1440320213,'信息中心-便民指南1','<p style=\"margin-top: 0px; margin-bottom: 1.5em; list-style: none; color: rgb(51, 51, 51); font-family: Helvetica, Tahoma, Arial, sans-serif; font-size: 14px; line-height: 24px; white-space: normal;\">在谈到大小时，容器具有很多优势。不像虚拟机，一个容器不需要运行整个操作系统，或者对系统的硬件进行拷贝。容器仅仅只需要足够的操作系统和硬件信息资源来运行它负责托管的应用。所以，容器所消耗的资源比虚拟机小很多，因此同一主机上可以跑的容器肯定比虚拟机多。</p><p style=\"margin-top: 0px; margin-bottom: 1.5em; list-style: none; color: rgb(51, 51, 51); font-family: Helvetica, Tahoma, Arial, sans-serif; font-size: 14px; line-height: 24px; white-space: normal;\">而在最小化需要运行的容器上，开发者需要做好足够的权衡。其中一个就是减少容器与系统之间的分离度。与此相反，虚拟机与主机的分离性比容器的更高。Docker用户需要root用户权限去运行容器，如果Docker用户不知道容器中运行的是什么，这可能会引发问题。通常，那些repository都是未经过审核的，这意味着任何人都可以创建和上传镜像。显然，对从互联网上下载下来的容器给以太多的信任会引发安全问题。</p><p>11111111111111111</p>',0),(47,8,25,1,1440320244,'信息中心-信息公开1','<p style=\"margin-top: 0px; margin-bottom: 1.5em; list-style: none; color: rgb(51, 51, 51); font-family: Helvetica, Tahoma, Arial, sans-serif; font-size: 14px; line-height: 24px; white-space: normal;\">在谈到大小时，容器具有很多优势。不像虚拟机，一个容器不需要运行整个操作系统，或者对系统的硬件进行拷贝。容器仅仅只需要足够的操作系统和硬件信息资源来运行它负责托管的应用。所以，容器所消耗的资源比虚拟机小很多，因此同一主机上可以跑的容器肯定比虚拟机多。</p><p style=\"margin-top: 0px; margin-bottom: 1.5em; list-style: none; color: rgb(51, 51, 51); font-family: Helvetica, Tahoma, Arial, sans-serif; font-size: 14px; line-height: 24px; white-space: normal;\">而在最小化需要运行的容器上，开发者需要做好足够的权衡。其中一个就是减少容器与系统之间的分离度。与此相反，虚拟机与主机的分离性比容器的更高。Docker用户需要root用户权限去运行容器，如果Docker用户不知道容器中运行的是什么，这可能会引发问题。通常，那些repository都是未经过审核的，这意味着任何人都可以创建和上传镜像。显然，对从互联网上下载下来的容器给以太多的信任会引发安全问题。</p><p>1111111111111111111111</p>',0),(48,9,26,1,1440320269,'监督执法-综合动态1','<p style=\"margin-top: 0px; margin-bottom: 1.5em; list-style: none; color: rgb(51, 51, 51); font-family: Helvetica, Tahoma, Arial, sans-serif; font-size: 14px; line-height: 24px; white-space: normal;\">在谈到大小时，容器具有很多优势。不像虚拟机，一个容器不需要运行整个操作系统，或者对系统的硬件进行拷贝。容器仅仅只需要足够的操作系统和硬件信息资源来运行它负责托管的应用。所以，容器所消耗的资源比虚拟机小很多，因此同一主机上可以跑的容器肯定比虚拟机多。</p><p style=\"margin-top: 0px; margin-bottom: 1.5em; list-style: none; color: rgb(51, 51, 51); font-family: Helvetica, Tahoma, Arial, sans-serif; font-size: 14px; line-height: 24px; white-space: normal;\">而在最小化需要运行的容器上，开发者需要做好足够的权衡。其中一个就是减少容器与系统之间的分离度。与此相反，虚拟机与主机的分离性比容器的更高。Docker用户需要root用户权限去运行容器，如果Docker用户不知道容器中运行的是什么，这可能会引发问题。通常，那些repository都是未经过审核的，这意味着任何人都可以创建和上传镜像。显然，对从互联网上下载下来的容器给以太多的信任会引发安全问题。</p><p>1111111111111111111111111111</p>',0),(49,9,27,1,1440320297,'监督执法-机构职能1','<p style=\"margin-top: 0px; margin-bottom: 1.5em; list-style: none; color: rgb(51, 51, 51); font-family: Helvetica, Tahoma, Arial, sans-serif; font-size: 14px; line-height: 24px; white-space: normal;\">在谈到大小时，容器具有很多优势。不像虚拟机，一个容器不需要运行整个操作系统，或者对系统的硬件进行拷贝。容器仅仅只需要足够的操作系统和硬件信息资源来运行它负责托管的应用。所以，容器所消耗的资源比虚拟机小很多，因此同一主机上可以跑的容器肯定比虚拟机多。</p><p style=\"margin-top: 0px; margin-bottom: 1.5em; list-style: none; color: rgb(51, 51, 51); font-family: Helvetica, Tahoma, Arial, sans-serif; font-size: 14px; line-height: 24px; white-space: normal;\">而在最小化需要运行的容器上，开发者需要做好足够的权衡。其中一个就是减少容器与系统之间的分离度。与此相反，虚拟机与主机的分离性比容器的更高。Docker用户需要root用户权限去运行容器，如果Docker用户不知道容器中运行的是什么，这可能会引发问题。通常，那些repository都是未经过审核的，这意味着任何人都可以创建和上传镜像。显然，对从互联网上下载下来的容器给以太多的信任会引发安全问题。</p><p>111111111111111111111</p>',0),(50,9,28,1,1440320316,'监督执法-政策法规1','<p style=\"margin-top: 0px; margin-bottom: 1.5em; list-style: none; color: rgb(51, 51, 51); font-family: Helvetica, Tahoma, Arial, sans-serif; font-size: 14px; line-height: 24px; white-space: normal;\">在谈到大小时，容器具有很多优势。不像虚拟机，一个容器不需要运行整个操作系统，或者对系统的硬件进行拷贝。容器仅仅只需要足够的操作系统和硬件信息资源来运行它负责托管的应用。所以，容器所消耗的资源比虚拟机小很多，因此同一主机上可以跑的容器肯定比虚拟机多。</p><p style=\"margin-top: 0px; margin-bottom: 1.5em; list-style: none; color: rgb(51, 51, 51); font-family: Helvetica, Tahoma, Arial, sans-serif; font-size: 14px; line-height: 24px; white-space: normal;\">而在最小化需要运行的容器上，开发者需要做好足够的权衡。其中一个就是减少容器与系统之间的分离度。与此相反，虚拟机与主机的分离性比容器的更高。Docker用户需要root用户权限去运行容器，如果Docker用户不知道容器中运行的是什么，这可能会引发问题。通常，那些repository都是未经过审核的，这意味着任何人都可以创建和上传镜像。显然，对从互联网上下载下来的容器给以太多的信任会引发安全问题。</p><p>1111111111111111111111111111</p>',0),(51,9,29,1,1440320349,'监督执法-通知公告1','<p style=\"margin-top: 0px; margin-bottom: 1.5em; list-style: none; color: rgb(51, 51, 51); font-family: Helvetica, Tahoma, Arial, sans-serif; font-size: 14px; line-height: 24px; white-space: normal;\">在谈到大小时，容器具有很多优势。不像虚拟机，一个容器不需要运行整个操作系统，或者对系统的硬件进行拷贝。容器仅仅只需要足够的操作系统和硬件信息资源来运行它负责托管的应用。所以，容器所消耗的资源比虚拟机小很多，因此同一主机上可以跑的容器肯定比虚拟机多。</p><p style=\"margin-top: 0px; margin-bottom: 1.5em; list-style: none; color: rgb(51, 51, 51); font-family: Helvetica, Tahoma, Arial, sans-serif; font-size: 14px; line-height: 24px; white-space: normal;\">而在最小化需要运行的容器上，开发者需要做好足够的权衡。其中一个就是减少容器与系统之间的分离度。与此相反，虚拟机与主机的分离性比容器的更高。Docker用户需要root用户权限去运行容器，如果Docker用户不知道容器中运行的是什么，这可能会引发问题。通常，那些repository都是未经过审核的，这意味着任何人都可以创建和上传镜像。显然，对从互联网上下载下来的容器给以太多的信任会引发安全问题。</p><p>1111111111111111111111111111</p>',0),(52,10,30,1,1440320371,'诚信档案-开发企业1','<p style=\"margin-top: 0px; margin-bottom: 1.5em; list-style: none; color: rgb(51, 51, 51); font-family: Helvetica, Tahoma, Arial, sans-serif; font-size: 14px; line-height: 24px; white-space: normal;\">在谈到大小时，容器具有很多优势。不像虚拟机，一个容器不需要运行整个操作系统，或者对系统的硬件进行拷贝。容器仅仅只需要足够的操作系统和硬件信息资源来运行它负责托管的应用。所以，容器所消耗的资源比虚拟机小很多，因此同一主机上可以跑的容器肯定比虚拟机多。</p><p style=\"margin-top: 0px; margin-bottom: 1.5em; list-style: none; color: rgb(51, 51, 51); font-family: Helvetica, Tahoma, Arial, sans-serif; font-size: 14px; line-height: 24px; white-space: normal;\">而在最小化需要运行的容器上，开发者需要做好足够的权衡。其中一个就是减少容器与系统之间的分离度。与此相反，虚拟机与主机的分离性比容器的更高。Docker用户需要root用户权限去运行容器，如果Docker用户不知道容器中运行的是什么，这可能会引发问题。通常，那些repository都是未经过审核的，这意味着任何人都可以创建和上传镜像。显然，对从互联网上下载下来的容器给以太多的信任会引发安全问题。</p><p>1111111111111111111111111</p>',0),(53,10,31,1,1440320391,'诚信档案-中介机构1','<p style=\"margin-top: 0px; margin-bottom: 1.5em; list-style: none; color: rgb(51, 51, 51); font-family: Helvetica, Tahoma, Arial, sans-serif; font-size: 14px; line-height: 24px; white-space: normal;\">在谈到大小时，容器具有很多优势。不像虚拟机，一个容器不需要运行整个操作系统，或者对系统的硬件进行拷贝。容器仅仅只需要足够的操作系统和硬件信息资源来运行它负责托管的应用。所以，容器所消耗的资源比虚拟机小很多，因此同一主机上可以跑的容器肯定比虚拟机多。</p><p style=\"margin-top: 0px; margin-bottom: 1.5em; list-style: none; color: rgb(51, 51, 51); font-family: Helvetica, Tahoma, Arial, sans-serif; font-size: 14px; line-height: 24px; white-space: normal;\">而在最小化需要运行的容器上，开发者需要做好足够的权衡。其中一个就是减少容器与系统之间的分离度。与此相反，虚拟机与主机的分离性比容器的更高。Docker用户需要root用户权限去运行容器，如果Docker用户不知道容器中运行的是什么，这可能会引发问题。通常，那些repository都是未经过审核的，这意味着任何人都可以创建和上传镜像。显然，对从互联网上下载下来的容器给以太多的信任会引发安全问题。</p><p>1111111111111111111111</p>',0),(54,10,32,1,1440320411,'诚信档案-物业管理1','<p style=\"margin-top: 0px; margin-bottom: 1.5em; list-style: none; color: rgb(51, 51, 51); font-family: Helvetica, Tahoma, Arial, sans-serif; font-size: 14px; line-height: 24px; white-space: normal;\">在谈到大小时，容器具有很多优势。不像虚拟机，一个容器不需要运行整个操作系统，或者对系统的硬件进行拷贝。容器仅仅只需要足够的操作系统和硬件信息资源来运行它负责托管的应用。所以，容器所消耗的资源比虚拟机小很多，因此同一主机上可以跑的容器肯定比虚拟机多。</p><p style=\"margin-top: 0px; margin-bottom: 1.5em; list-style: none; color: rgb(51, 51, 51); font-family: Helvetica, Tahoma, Arial, sans-serif; font-size: 14px; line-height: 24px; white-space: normal;\">而在最小化需要运行的容器上，开发者需要做好足够的权衡。其中一个就是减少容器与系统之间的分离度。与此相反，虚拟机与主机的分离性比容器的更高。Docker用户需要root用户权限去运行容器，如果Docker用户不知道容器中运行的是什么，这可能会引发问题。通常，那些repository都是未经过审核的，这意味着任何人都可以创建和上传镜像。显然，对从互联网上下载下来的容器给以太多的信任会引发安全问题。</p><p>111111111111111111111</p>',0),(55,10,33,1,1440320439,'诚信档案-估价机构1','<p style=\"margin-top: 0px; margin-bottom: 1.5em; list-style: none; color: rgb(51, 51, 51); font-family: Helvetica, Tahoma, Arial, sans-serif; font-size: 14px; line-height: 24px; white-space: normal;\">在谈到大小时，容器具有很多优势。不像虚拟机，一个容器不需要运行整个操作系统，或者对系统的硬件进行拷贝。容器仅仅只需要足够的操作系统和硬件信息资源来运行它负责托管的应用。所以，容器所消耗的资源比虚拟机小很多，因此同一主机上可以跑的容器肯定比虚拟机多。</p><p style=\"margin-top: 0px; margin-bottom: 1.5em; list-style: none; color: rgb(51, 51, 51); font-family: Helvetica, Tahoma, Arial, sans-serif; font-size: 14px; line-height: 24px; white-space: normal;\">而在最小化需要运行的容器上，开发者需要做好足够的权衡。其中一个就是减少容器与系统之间的分离度。与此相反，虚拟机与主机的分离性比容器的更高。Docker用户需要root用户权限去运行容器，如果Docker用户不知道容器中运行的是什么，这可能会引发问题。通常，那些repository都是未经过审核的，这意味着任何人都可以创建和上传镜像。显然，对从互联网上下载下来的容器给以太多的信任会引发安全问题。</p><p><br></p>',0),(56,10,34,1,1440320458,'诚信档案-销售公告1','<p style=\"margin-top: 0px; margin-bottom: 1.5em; list-style: none; color: rgb(51, 51, 51); font-family: Helvetica, Tahoma, Arial, sans-serif; font-size: 14px; line-height: 24px; white-space: normal;\">在谈到大小时，容器具有很多优势。不像虚拟机，一个容器不需要运行整个操作系统，或者对系统的硬件进行拷贝。容器仅仅只需要足够的操作系统和硬件信息资源来运行它负责托管的应用。所以，容器所消耗的资源比虚拟机小很多，因此同一主机上可以跑的容器肯定比虚拟机多。</p><p style=\"margin-top: 0px; margin-bottom: 1.5em; list-style: none; color: rgb(51, 51, 51); font-family: Helvetica, Tahoma, Arial, sans-serif; font-size: 14px; line-height: 24px; white-space: normal;\">而在最小化需要运行的容器上，开发者需要做好足够的权衡。其中一个就是减少容器与系统之间的分离度。与此相反，虚拟机与主机的分离性比容器的更高。Docker用户需要root用户权限去运行容器，如果Docker用户不知道容器中运行的是什么，这可能会引发问题。通常，那些repository都是未经过审核的，这意味着任何人都可以创建和上传镜像。显然，对从互联网上下载下来的容器给以太多的信任会引发安全问题。</p><p>1111111111111111</p>',0),(57,10,35,1,1440320481,'诚信档案-住房保障','<p style=\"margin-top: 0px; margin-bottom: 1.5em; list-style: none; color: rgb(51, 51, 51); font-family: Helvetica, Tahoma, Arial, sans-serif; font-size: 14px; line-height: 24px; white-space: normal;\">在谈到大小时，容器具有很多优势。不像虚拟机，一个容器不需要运行整个操作系统，或者对系统的硬件进行拷贝。容器仅仅只需要足够的操作系统和硬件信息资源来运行它负责托管的应用。所以，容器所消耗的资源比虚拟机小很多，因此同一主机上可以跑的容器肯定比虚拟机多。</p><p style=\"margin-top: 0px; margin-bottom: 1.5em; list-style: none; color: rgb(51, 51, 51); font-family: Helvetica, Tahoma, Arial, sans-serif; font-size: 14px; line-height: 24px; white-space: normal;\">而在最小化需要运行的容器上，开发者需要做好足够的权衡。其中一个就是减少容器与系统之间的分离度。与此相反，虚拟机与主机的分离性比容器的更高。Docker用户需要root用户权限去运行容器，如果Docker用户不知道容器中运行的是什么，这可能会引发问题。通常，那些repository都是未经过审核的，这意味着任何人都可以创建和上传镜像。显然，对从互联网上下载下来的容器给以太多的信任会引发安全问题。</p><p>111111111111111111111</p>',0),(58,10,36,1,1440320503,'诚信档案-在线投诉1','<p style=\"margin-top: 0px; margin-bottom: 1.5em; list-style: none; color: rgb(51, 51, 51); font-family: Helvetica, Tahoma, Arial, sans-serif; font-size: 14px; line-height: 24px; white-space: normal;\">在谈到大小时，容器具有很多优势。不像虚拟机，一个容器不需要运行整个操作系统，或者对系统的硬件进行拷贝。容器仅仅只需要足够的操作系统和硬件信息资源来运行它负责托管的应用。所以，容器所消耗的资源比虚拟机小很多，因此同一主机上可以跑的容器肯定比虚拟机多。</p><p style=\"margin-top: 0px; margin-bottom: 1.5em; list-style: none; color: rgb(51, 51, 51); font-family: Helvetica, Tahoma, Arial, sans-serif; font-size: 14px; line-height: 24px; white-space: normal;\">而在最小化需要运行的容器上，开发者需要做好足够的权衡。其中一个就是减少容器与系统之间的分离度。与此相反，虚拟机与主机的分离性比容器的更高。Docker用户需要root用户权限去运行容器，如果Docker用户不知道容器中运行的是什么，这可能会引发问题。通常，那些repository都是未经过审核的，这意味着任何人都可以创建和上传镜像。显然，对从互联网上下载下来的容器给以太多的信任会引发安全问题。</p><p>1111111111111111111111</p>',0);
/*!40000 ALTER TABLE `notification` ENABLE KEYS */;
UNLOCK TABLES;

--
-- Table structure for table `second_menu`
--

DROP TABLE IF EXISTS `second_menu`;
/*!40101 SET @saved_cs_client     = @@character_set_client */;
/*!40101 SET character_set_client = utf8 */;
CREATE TABLE `second_menu` (
  `secondMenuId` int(4) NOT NULL AUTO_INCREMENT,
  `secondMenuName` varchar(45) DEFAULT NULL,
  `firstMenuId` int(2) unsigned DEFAULT '0',
  PRIMARY KEY (`secondMenuId`)
) ENGINE=InnoDB AUTO_INCREMENT=37 DEFAULT CHARSET=utf8;
/*!40101 SET character_set_client = @saved_cs_client */;

--
-- Dumping data for table `second_menu`
--

LOCK TABLES `second_menu` WRITE;
/*!40000 ALTER TABLE `second_menu` DISABLE KEYS */;
INSERT INTO `second_menu` VALUES (1,'单位简介',2),(2,'工作职责',2),(3,'文件通知',2),(4,'公示公告',2),(5,'政策法规',2),(6,'办事指南',3),(7,'建设信息',3),(8,'分配信息',3),(9,'动态管理',3),(10,'政策法规',3),(11,'办事指南',4),(12,'业务介绍',4),(13,'登记类别',4),(14,'办事指南',5),(15,'账户查询',5),(16,'政策法规',5),(17,'公告通知',6),(18,'政策法规',6),(19,'年检情况',6),(20,'网上查询',7),(21,'新闻动态',8),(22,'通知公告',8),(23,'政策法规',8),(24,'便民指南',8),(25,'信息公开',8),(26,'综合动态',9),(27,'机构职能',9),(28,'政策法规',9),(29,'通知公告',9),(30,'开发企业',10),(31,'中介机构',10),(32,'物业管理',10),(33,'估价机构',10),(34,'销售公告',10),(35,'住房保障',10),(36,'在线投诉',10);
/*!40000 ALTER TABLE `second_menu` ENABLE KEYS */;
UNLOCK TABLES;

--
-- Table structure for table `visit_count`
--

DROP TABLE IF EXISTS `visit_count`;
/*!40101 SET @saved_cs_client     = @@character_set_client */;
/*!40101 SET character_set_client = utf8 */;
CREATE TABLE `visit_count` (
  `day` int(8) NOT NULL,
  `count` int(11) DEFAULT NULL,
  PRIMARY KEY (`day`)
) ENGINE=InnoDB DEFAULT CHARSET=utf8;
/*!40101 SET character_set_client = @saved_cs_client */;

--
-- Dumping data for table `visit_count`
--

LOCK TABLES `visit_count` WRITE;
/*!40000 ALTER TABLE `visit_count` DISABLE KEYS */;
INSERT INTO `visit_count` VALUES (20150819,4),(20150820,3),(20150821,1),(20150822,2),(20150823,2),(20150824,12),(20150826,2),(20150827,5),(20150829,6),(20150830,3),(20150831,1),(20150901,1);
/*!40000 ALTER TABLE `visit_count` ENABLE KEYS */;
UNLOCK TABLES;
/*!40103 SET TIME_ZONE=@OLD_TIME_ZONE */;

/*!40101 SET SQL_MODE=@OLD_SQL_MODE */;
/*!40014 SET FOREIGN_KEY_CHECKS=@OLD_FOREIGN_KEY_CHECKS */;
/*!40014 SET UNIQUE_CHECKS=@OLD_UNIQUE_CHECKS */;
/*!40101 SET CHARACTER_SET_CLIENT=@OLD_CHARACTER_SET_CLIENT */;
/*!40101 SET CHARACTER_SET_RESULTS=@OLD_CHARACTER_SET_RESULTS */;
/*!40101 SET COLLATION_CONNECTION=@OLD_COLLATION_CONNECTION */;
/*!40111 SET SQL_NOTES=@OLD_SQL_NOTES */;

-- Dump completed on 2015-09-01  7:44:36
